{
    "acc": [
        0.6206896551724138,
        0.7586206896551724,
        0.7586206896551724,
        0.7241379310344828,
        0.7241379310344828,
        0.6551724137931034,
        0.6071428571428571,
        0.8214285714285714,
        0.75,
        0.6071428571428571
    ],
    "complexity": [
        1,
        1,
        1,
        1,
        1,
        1,
        1,
        1,
        1,
        1
    ],
    "score": [
        -1.0,
        0.06688466111771699,
        0.06688466111771699,
        0.05023781212841855,
        0.05023781212841855,
        -1.0,
        -1.0,
        0.10331632653061222,
        0.0625,
        -1.0
    ],
    "best_model_acc": 0.8214285714285714,
    "best_model_compl": 1,
    "best_model": "Graph[\n\tRuleSet target [\n\t\n]\n]"
}