{
    "acc": [
        0.6551724137931034,
        0.7931034482758621,
        0.7241379310344828,
        0.7931034482758621,
        0.6896551724137931,
        0.6896551724137931,
        0.6785714285714286,
        0.7857142857142857,
        0.8214285714285714,
        0.6071428571428571
    ],
    "complexity": [
        4,
        2,
        2,
        3,
        1,
        2,
        6,
        2,
        3,
        4
    ],
    "score": [
        -1.0,
        0.04295481569560049,
        0.025118906064209277,
        0.028636543797066993,
        -1.0,
        -1.0,
        -1.0,
        0.04081632653061224,
        0.03443877551020407,
        -1.0
    ],
    "best_model_acc": 0.7931034482758621,
    "best_model_compl": 2,
    "best_model": "[[node-caps_yes=True^deg-malig_2=False]]"
}