{
    "acc": [
        0.9987526728439059,
        0.9992871145963287,
        0.9985742291926573,
        0.9992871145963287,
        0.9992871145963287
    ],
    "complexity": [
        1,
        1,
        1,
        1,
        1
    ],
    "best_model_acc": 0.9992871145963287,
    "best_model_compl": 1,
    "best_model": "Graph[\n\tRuleSet target [\n\t\n]\n]"
}