{
    "acc": [
        1.0,
        1.0,
        1.0,
        1.0,
        1.0,
        1.0,
        1.0,
        1.0,
        1.0,
        1.0
    ],
    "complexity": [
        13,
        17,
        13,
        13,
        28,
        13,
        22,
        13,
        13,
        13
    ],
    "score": [
        0.019230769230769232,
        0.014705882352941176,
        0.019230769230769232,
        0.019230769230769232,
        0.008928571428571428,
        0.019230769230769232,
        0.011363636363636364,
        0.019230769230769232,
        0.019230769230769232,
        0.019230769230769232
    ],
    "best_model_acc": 1.0,
    "best_model_compl": 13,
    "best_model": "Graph[\n\tRuleSet h8 [\n\th8\t:= !c_1, !d_1\n]\n\tRuleSet h5 [\n\th5\t:= b_1\n\th5\t:= a_1\n]\n\tRuleSet h4 [\n\th4\t:= !e_1, h4_2\n\th4_2\t:= !f_1\n\th4_2\t:= !g_1\n]\n\tRuleSet target [\n\ttarget\t:= !h4, target_2\n\ttarget_2\t:= !h8, h5\n]\n]"
}