{
    "acc": [
        1.0,
        0.9545454545454546,
        0.9302325581395349,
        1.0,
        1.0,
        0.8837209302325582,
        1.0,
        1.0,
        1.0,
        0.8837209302325582
    ],
    "complexity": [
        27,
        29,
        44,
        25,
        19,
        32,
        15,
        16,
        27,
        53
    ],
    "score": [
        0.009259259259259259,
        0.007124536905101169,
        0.004206819410983824,
        0.01,
        0.013157894736842105,
        0.004601304759329367,
        0.016666666666666666,
        0.015625,
        0.009259259259259259,
        0.002778146269783769
    ],
    "best_model_acc": 1.0,
    "best_model_compl": 15,
    "best_model": "Graph[\n\tRuleSet h9 [\n\th9\t:= !a2_3\n\th9\t:= !a1_3\n]\n\tRuleSet h5 [\n\th5\t:= !a1_1\n\th5\t:= !a2_1\n]\n\tRuleSet h4 [\n\th4\t:= h4_1\n\th4\t:= a5_1\n\th4_1\t:= a2_2, a1_2\n]\n\tRuleSet h11 [\n\th11\t:= !h9\n]\n\tRuleSet h10 [\n\th10\t:= !h5\n\th10\t:= h4\n]\n\tRuleSet h23 [\n\th23\t:= !h10, !h11\n]\n\tRuleSet target [\n\ttarget\t:= !h23\n]\n]"
}