{
    "acc": [
        1.0,
        1.0,
        0.9652777777777778
    ],
    "complexity": [
        3673,
        2555,
        542
    ],
    "best_model_acc": 0.9652777777777778,
    "best_model_compl": 542,
    "best_model": "Graph[\n\tRuleSet h5 [\n\th5\t:= h5_1\n\th5\t:= !a5_4, h5_2\n\th5_1\t:= h5_3\n\th5_1\t:= !a2_2, h5_4\n\th5_2\t:= h5_5\n\th5_2\t:= !a2_2, h5_6\n\th5_3\t:= a2_1, h5_8\n\th5_4\t:= h5_9\n\th5_4\t:= a2_1, h5_11\n\th5_5\t:= h5_10\n\th5_5\t:= a2_1, h5_12\n\th5_6\t:= h5_13\n\th5_6\t:= a2_1\n\th5_8\t:= a5_3, h5_18\n\th5_9\t:= h5_16\n\th5_9\t:= a5_3, h5_19\n\th5_10\t:= h5_17\n\th5_10\t:= a5_3, h5_21\n\th5_11\t:= h5_20\n\th5_11\t:= a5_3, h5_24\n\th5_12\t:= h5_22\n\th5_12\t:= a5_3, h5_25\n\th5_13\t:= h5_23\n\th5_13\t:= a5_3\n\th5_16\t:= a2_3, h5_28\n\th5_17\t:= a2_3, h5_30\n\th5_18\t:= a2_3, h5_31\n\th5_19\t:= h5_28\n\th5_19\t:= a2_3, h5_34\n\th5_20\t:= h5_29\n\th5_20\t:= a2_3, h5_35\n\th5_21\t:= h5_32\n\th5_21\t:= a2_3, h5_38\n\th5_22\t:= h5_33\n\th5_22\t:= a2_3, h5_39\n\th5_23\t:= h5_36\n\th5_23\t:= a2_3\n\th5_24\t:= h5_37\n\th5_24\t:= a2_3\n\th5_25\t:= h5_40\n\th5_25\t:= a2_3\n\th5_28\t:= a4_1, h5_43\n\th5_29\t:= a4_1, h5_44\n\th5_30\t:= a4_1, h5_45\n\th5_31\t:= h5_43\n\th5_31\t:= a4_1, h5_45\n\th5_32\t:= h5_43\n\th5_32\t:= a4_1, h5_47\n\th5_33\t:= h5_43\n\th5_33\t:= a4_1, h5_48\n\th5_34\t:= h5_45\n\th5_34\t:= a4_1, h5_50\n\th5_35\t:= h5_46\n\th5_35\t:= a4_1, h5_51\n\th5_36\t:= h5_48\n\th5_36\t:= a4_1, h5_51\n\th5_37\t:= h5_49\n\th5_37\t:= a4_1, h5_51\n\th5_38\t:= h5_49\n\th5_38\t:= a4_1\n\th5_39\t:= h5_50\n\th5_39\t:= a4_1\n\th5_40\t:= h5_51\n\th5_40\t:= a4_1\n\th5_43\t:= a5_1, h5_54\n\th5_44\t:= a5_1, h5_55\n\th5_45\t:= h5_54\n\th5_45\t:= a5_1, h5_56\n\th5_46\t:= h5_54\n\th5_46\t:= a5_1, h5_57\n\th5_47\t:= h5_54\n\th5_47\t:= a5_1, h5_58\n\th5_48\t:= h5_55\n\th5_48\t:= a5_1, h5_59\n\th5_49\t:= h5_56\n\th5_49\t:= a5_1, h5_59\n\th5_50\t:= h5_57\n\th5_50\t:= a5_1\n\th5_51\t:= h5_59\n\th5_51\t:= a5_1\n\th5_54\t:= a5_2, h5_62\n\th5_55\t:= a5_2, h5_64\n\th5_56\t:= h5_62\n\th5_56\t:= a5_2, h5_64\n\th5_57\t:= h5_62\n\th5_57\t:= a5_2\n\th5_58\t:= !a6_1\n\th5_58\t:= a5_2\n\th5_59\t:= h5_64\n\th5_59\t:= a5_2\n\th5_62\t:= !a6_1, !a6_2\n\th5_64\t:= !a6_2\n\th5_64\t:= !a6_1\n]\n\tRuleSet h4 [\n\th4\t:= h4_1\n\th4\t:= !a5_3, h4_2\n\th4_1\t:= h4_3\n\th4_1\t:= !a5_1, h4_4\n\th4_2\t:= h4_5\n\th4_2\t:= !a5_1, h4_6\n\th4_3\t:= !a5_2, h4_8\n\th4_4\t:= h4_8\n\th4_4\t:= !a5_2, h4_10\n\th4_5\t:= h4_9\n\th4_5\t:= !a5_2, h4_11\n\th4_6\t:= h4_12\n\th4_6\t:= !a5_2, h4_13\n\th4_8\t:= a5_4, h4_15\n\th4_9\t:= a5_4, h4_16\n\th4_10\t:= h4_17\n\th4_10\t:= a5_4, h4_20\n\th4_11\t:= h4_18\n\th4_11\t:= a5_4, h4_21\n\th4_12\t:= h4_19\n\th4_12\t:= a5_4, h4_22\n\th4_13\t:= h4_23\n\th4_13\t:= a5_4, h4_24\n\th4_15\t:= a1_2, h4_26\n\th4_16\t:= a1_2, h4_27\n\th4_17\t:= h4_26\n\th4_17\t:= a1_2, h4_28\n\th4_18\t:= h4_26\n\th4_18\t:= a1_2, h4_29\n\th4_19\t:= h4_27\n\th4_19\t:= a1_2, h4_30\n\th4_20\t:= h4_31\n\th4_20\t:= a1_2, h4_34\n\th4_21\t:= h4_32\n\th4_21\t:= a1_2, h4_35\n\th4_22\t:= h4_33\n\th4_22\t:= a1_2, h4_36\n\th4_23\t:= h4_35\n\th4_23\t:= a1_2, h4_37\n\th4_24\t:= h4_38\n\th4_24\t:= a1_2\n\th4_26\t:= !a6_2, h4_41\n\th4_27\t:= !a6_2, h4_42\n\th4_28\t:= h4_41\n\th4_28\t:= !a6_2, h4_46\n\th4_29\t:= h4_41\n\th4_29\t:= !a6_2, h4_47\n\th4_30\t:= h4_43\n\th4_30\t:= !a6_2, h4_49\n\th4_31\t:= h4_44\n\th4_31\t:= !a6_2, h4_50\n\th4_32\t:= h4_45\n\th4_32\t:= !a6_2, h4_51\n\th4_33\t:= h4_48\n\th4_33\t:= !a6_2, h4_53\n\th4_34\t:= h4_51\n\th4_34\t:= !a6_2, h4_55\n\th4_35\t:= h4_52\n\th4_35\t:= !a6_2, h4_56\n\th4_36\t:= h4_54\n\th4_36\t:= !a6_2, h4_58\n\th4_37\t:= h4_57\n\th4_37\t:= !a6_2, h4_60\n\th4_38\t:= h4_59\n\th4_38\t:= !a6_2\n\th4_41\t:= a1_3, h4_63\n\th4_42\t:= a1_3, h4_64\n\th4_43\t:= a1_3, h4_65\n\th4_44\t:= a1_3, h4_66\n\th4_45\t:= h4_63\n\th4_45\t:= a1_3, h4_67\n\th4_46\t:= h4_63\n\th4_46\t:= a1_3, h4_68\n\th4_47\t:= h4_63\n\th4_47\t:= a1_3, h4_70\n\th4_48\t:= h4_63\n\th4_48\t:= a1_3, h4_71\n\th4_49\t:= h4_65\n\th4_49\t:= a1_3, h4_74\n\th4_50\t:= h4_66\n\th4_50\t:= a1_3, h4_75\n\th4_51\t:= h4_67\n\th4_51\t:= a1_3, h4_76\n\th4_52\t:= h4_69\n\th4_52\t:= a1_3, h4_78\n\th4_53\t:= h4_72\n\th4_53\t:= a1_3, h4_80\n\th4_54\t:= h4_73\n\th4_54\t:= a1_3, h4_81\n\th4_55\t:= h4_77\n\th4_55\t:= a1_3, h4_83\n\th4_56\t:= h4_78\n\th4_56\t:= a1_3, h4_84\n\th4_57\t:= h4_79\n\th4_57\t:= a1_3, h4_85\n\th4_58\t:= h4_82\n\th4_58\t:= a1_3, h4_85\n\th4_59\t:= h4_83\n\th4_59\t:= a1_3\n\th4_60\t:= h4_85\n\th4_60\t:= a1_3\n\th4_63\t:= a1_1, h4_88\n\th4_64\t:= a1_1, h4_89\n\th4_65\t:= a1_1, h4_91\n\th4_66\t:= h4_88\n\th4_66\t:= a1_1, h4_92\n\th4_67\t:= h4_88\n\th4_67\t:= a1_1, h4_93\n\th4_68\t:= h4_88\n\th4_68\t:= a1_1, h4_94\n\th4_69\t:= h4_88\n\th4_69\t:= a1_1, h4_95\n\th4_70\t:= h4_88\n\th4_70\t:= a1_1, h4_96\n\th4_71\t:= h4_89\n\th4_71\t:= a1_1, h4_96\n\th4_72\t:= h4_90\n\th4_72\t:= a1_1, h4_97\n\th4_73\t:= h4_91\n\th4_73\t:= a1_1, h4_98\n\th4_74\t:= h4_92\n\th4_74\t:= a1_1, h4_100\n\th4_75\t:= h4_93\n\th4_75\t:= a1_1, h4_101\n\th4_76\t:= h4_94\n\th4_76\t:= a1_1, h4_102\n\th4_77\t:= h4_95\n\th4_77\t:= a1_1, h4_102\n\th4_78\t:= h4_96\n\th4_78\t:= a1_1, h4_103\n\th4_79\t:= h4_97\n\th4_79\t:= a1_1, h4_104\n\th4_80\t:= h4_97\n\th4_80\t:= a1_1, h4_105\n\th4_81\t:= h4_99\n\th4_81\t:= a1_1, h4_106\n\th4_82\t:= h4_100\n\th4_82\t:= a1_1, h4_106\n\th4_83\t:= h4_103\n\th4_83\t:= a1_1\n\th4_84\t:= h4_104\n\th4_84\t:= a1_1\n\th4_85\t:= h4_106\n\th4_85\t:= a1_1\n\th4_88\t:= !a6_1, h4_109\n\th4_89\t:= !a6_1, h4_110\n\th4_90\t:= !a6_1, h4_111\n\th4_91\t:= !a6_1, h4_112\n\th4_92\t:= h4_109\n\th4_92\t:= !a6_1, h4_112\n\th4_93\t:= h4_109\n\th4_93\t:= !a6_1, h4_113\n\th4_94\t:= h4_109\n\th4_94\t:= !a6_1, h4_115\n\th4_95\t:= h4_110\n\th4_95\t:= !a6_1, h4_115\n\th4_96\t:= h4_111\n\th4_96\t:= !a6_1, h4_115\n\th4_97\t:= h4_112\n\th4_97\t:= !a6_1, h4_115\n\th4_98\t:= h4_112\n\th4_98\t:= !a6_1, h4_116\n\th4_99\t:= h4_112\n\th4_99\t:= !a6_1, h4_117\n\th4_100\t:= h4_112\n\th4_100\t:= !a6_1, h4_118\n\th4_101\t:= h4_114\n\th4_101\t:= !a6_1, h4_119\n\th4_102\t:= h4_115\n\th4_102\t:= !a6_1, h4_119\n\th4_103\t:= h4_115\n\th4_103\t:= !a6_1\n\th4_104\t:= h4_116\n\th4_104\t:= !a6_1\n\th4_105\t:= h4_117\n\th4_105\t:= !a6_1\n\th4_106\t:= h4_119\n\th4_106\t:= !a6_1\n\th4_109\t:= !a4_1, h4_122\n\th4_110\t:= !a4_1, h4_123\n\th4_111\t:= !a4_1, h4_125\n\th4_112\t:= h4_122\n\th4_112\t:= !a4_1, h4_125\n\th4_113\t:= h4_122\n\th4_113\t:= !a4_1, h4_128\n\th4_114\t:= h4_124\n\th4_114\t:= !a4_1, h4_128\n\th4_115\t:= h4_125\n\th4_115\t:= !a4_1, h4_128\n\th4_116\t:= h4_125\n\th4_116\t:= !a4_1\n\th4_117\t:= h4_126\n\th4_117\t:= !a4_1\n\th4_118\t:= h4_127\n\th4_118\t:= !a4_1\n\th4_119\t:= h4_128\n\th4_119\t:= !a4_1\n\th4_122\t:= !a4_3, h4_131\n\th4_123\t:= !a4_3, a2_2\n\th4_124\t:= !a4_3, h4_133\n\th4_125\t:= h4_131\n\th4_125\t:= !a4_3, h4_133\n\th4_126\t:= h4_131\n\th4_126\t:= !a4_3\n\th4_127\t:= a2_2\n\th4_127\t:= !a4_3\n\th4_128\t:= h4_133\n\th4_128\t:= !a4_3\n\th4_131\t:= a2_2, !a4_2\n\th4_133\t:= !a4_2\n\th4_133\t:= a2_2\n]\n\tRuleSet h1 [\n\th1\t:= h1_1\n\th1\t:= a2_2, h1_2\n\th1_1\t:= h1_3\n\th1_1\t:= a5_4, h1_4\n\th1_2\t:= h1_5\n\th1_2\t:= a5_4, h1_6\n\th1_3\t:= !a2_3, h1_8\n\th1_4\t:= h1_9\n\th1_4\t:= !a2_3, h1_10\n\th1_5\t:= h1_11\n\th1_5\t:= !a2_3, h1_12\n\th1_6\t:= h1_13\n\th1_6\t:= !a2_3\n\th1_8\t:= !a5_3, h1_17\n\th1_9\t:= h1_16\n\th1_9\t:= !a5_3, h1_18\n\th1_10\t:= h1_18\n\th1_10\t:= !a5_3, h1_20\n\th1_11\t:= h1_19\n\th1_11\t:= !a5_3, h1_21\n\th1_12\t:= h1_22\n\th1_12\t:= !a5_3\n\th1_13\t:= h1_23\n\th1_13\t:= !a5_3\n\th1_16\t:= !a5_1, h1_27\n\th1_17\t:= h1_26\n\th1_17\t:= !a5_1, h1_29\n\th1_18\t:= h1_28\n\th1_18\t:= !a5_1, h1_30\n\th1_19\t:= h1_28\n\th1_19\t:= !a5_1, h1_31\n\th1_20\t:= h1_30\n\th1_20\t:= !a5_1, h1_33\n\th1_21\t:= h1_31\n\th1_21\t:= !a5_1\n\th1_22\t:= h1_32\n\th1_22\t:= !a5_1\n\th1_23\t:= h1_33\n\th1_23\t:= !a5_1\n\th1_26\t:= !a5_2, h1_36\n\th1_27\t:= !a5_2, h1_37\n\th1_28\t:= !a5_2, h1_38\n\th1_29\t:= h1_36\n\th1_29\t:= !a5_2, h1_40\n\th1_30\t:= h1_38\n\th1_30\t:= !a5_2, h1_41\n\th1_31\t:= !a2_1\n\th1_31\t:= 