{
    "acc": [
        0.9985744832501782,
        0.9989308624376336,
        0.9996436208125445,
        0.9989308624376336,
        0.9992872416250891,
        0.9978617248752673,
        0.9992869875222816,
        0.9992869875222816,
        0.9989304812834224,
        0.9996434937611408
    ],
    "complexity": [
        1,
        1,
        1,
        1,
        1,
        1,
        1,
        1,
        1,
        1
    ],
    "score": [
        0.2485765153481822,
        0.2489320054927609,
        0.2496437478186698,
        0.2489320054927609,
        0.24928774964959008,
        0.24786629709577632,
        0.249287495909075,
        0.249287495909075,
        0.24893162515370754,
        0.24964362085783914
    ],
    "best_model_acc": 0.9996436208125445,
    "best_model_compl": 1,
    "best_model": "Graph[\n\tRuleSet target [\n\t\n]\n]"
}