{
    "acc": [
        1.0,
        1.0,
        1.0,
        1.0,
        1.0,
        1.0,
        1.0,
        1.0,
        1.0,
        1.0
    ],
    "complexity": [
        11,
        11,
        11,
        11,
        11,
        11,
        11,
        11,
        11,
        11
    ],
    "score": [
        0.022727272727272728,
        0.022727272727272728,
        0.022727272727272728,
        0.022727272727272728,
        0.022727272727272728,
        0.022727272727272728,
        0.022727272727272728,
        0.022727272727272728,
        0.022727272727272728,
        0.022727272727272728
    ],
    "best_model_acc": 1.0,
    "best_model_compl": 11,
    "best_model": "Graph[\n\tRuleSet h8 [\n\th8\t:= h8_1\n\th8\t:= !a5_4, h8_2\n\th8_1\t:= !a2_2, h8_4\n\th8_2\t:= h8_4\n\th8_2\t:= !a2_2\n\th8_4\t:= a5_3, a4_1\n]\n\tRuleSet target [\n\ttarget\t:= h8\n]\n]"
}