{
    "acc": [
        0.8529411764705882,
        0.7647058823529411,
        0.8529411764705882,
        0.8823529411764706,
        0.7941176470588235,
        0.8235294117647058,
        0.8823529411764706,
        0.7941176470588235,
        0.8235294117647058,
        0.6666666666666666
    ],
    "complexity": [
        4074,
        1403,
        2298,
        960,
        4245,
        997,
        1421,
        2905,
        1106,
        1915
    ],
    "score": [
        3.0576208652047835e-05,
        4.9942412082857526e-05,
        5.4206907766946426e-05,
        0.0001522851787773933,
        2.0378136704692265e-05,
        0.00010498623899379798,
        0.00010288090895587444,
        2.9778034530608836e-05,
        9.463949392117233e-05,
        -1.0
    ],
    "best_model_acc": 0.8823529411764706,
    "best_model_compl": 960,
    "best_model": "Graph[\n\tRuleSet h9 [\n\th9\t:= h9_1\n\th9\t:= lung_2, h9_2\n\th9_1\t:= h9_3\n\th9_1\t:= neck_2, h9_4\n\th9_2\t:= h9_5\n\th9_2\t:= neck_2, h9_6\n\th9_3\t:= !mediastinum_2, h9_8\n\th9_4\t:= h9_9\n\th9_4\t:= !mediastinum_2, h9_11\n\th9_5\t:= h9_10\n\th9_5\t:= !mediastinum_2, h9_12\n\th9_6\t:= h9_13\n\th9_6\t:= !mediastinum_2, h9_14\n\th9_8\t:= h9_15\n\th9_8\t:= !skin_2.0, h9_17\n\th9_9\t:= h9_16\n\th9_9\t:= !skin_2.0, h9_18\n\th9_10\t:= h9_16\n\th9_10\t:= !skin_2.0, h9_19\n\th9_11\t:= h9_20\n\th9_11\t:= !skin_2.0, h9_23\n\th9_12\t:= h9_21\n\th9_12\t:= !skin_2.0, h9_24\n\th9_13\t:= h9_22\n\th9_13\t:= !skin_2.0, h9_25\n\th9_14\t:= h9_26\n\th9_14\t:= !skin_2.0\n\th9_15\t:= !histologic-type_2.0, h9_29\n\th9_16\t:= !histologic-type_2.0, h9_30\n\th9_17\t:= h9_30\n\th9_17\t:= !histologic-type_2.0, h9_35\n\th9_18\t:= h9_31\n\th9_18\t:= !histologic-type_2.0, h9_36\n\th9_19\t:= h9_32\n\th9_19\t:= !histologic-type_2.0, h9_36\n\th9_20\t:= h9_32\n\th9_20\t:= !histologic-type_2.0, h9_37\n\th9_21\t:= h9_33\n\th9_21\t:= !histologic-type_2.0, h9_38\n\th9_22\t:= h9_34\n\th9_22\t:= !histologic-type_2.0, h9_39\n\th9_23\t:= h9_39\n\th9_23\t:= !histologic-type_2.0\n\th9_24\t:= h9_40\n\th9_24\t:= !histologic-type_2.0\n\th9_25\t:= h9_41\n\th9_25\t:= !histologic-type_2.0\n\th9_26\t:= h9_42\n\th9_26\t:= !histologic-type_2.0\n\th9_29\t:= axillar_2.0, h9_45\n\th9_30\t:= axillar_2.0, h9_46\n\th9_31\t:= axillar_2.0, h9_47\n\th9_32\t:= axillar_2.0, h9_48\n\th9_33\t:= axillar_2.0, h9_49\n\th9_34\t:= axillar_2.0, h9_52\n\th9_35\t:= h9_47\n\th9_35\t:= axillar_2.0, h9_57\n\th9_36\t:= h9_49\n\th9_36\t:= axillar_2.0, h9_58\n\th9_37\t:= h9_50\n\th9_37\t:= axillar_2.0, h9_58\n\th9_38\t:= h9_51\n\th9_38\t:= axillar_2.0\n\th9_39\t:= h9_53\n\th9_39\t:= axillar_2.0\n\th9_40\t:= h9_54\n\th9_40\t:= axillar_2.0\n\th9_41\t:= h9_55\n\th9_41\t:= axillar_2.0\n\th9_42\t:= h9_56\n\th9_42\t:= axillar_2.0\n\th9_45\t:= !bone_2, h9_61\n\th9_46\t:= !bone_2, h9_63\n\th9_47\t:= !bone_2, h9_64\n\th9_48\t:= !bone_2, h9_65\n\th9_49\t:= h9_61\n\th9_49\t:= !bone_2, h9_66\n\th9_50\t:= h9_61\n\th9_50\t:= !bone_2, h9_67\n\th9_51\t:= h9_61\n\th9_51\t:= !bone_2, h9_68\n\th9_52\t:= h9_62\n\th9_52\t:= !bone_2, h9_69\n\th9_53\t:= h9_63\n\th9_53\t:= !bone_2, h9_70\n\th9_54\t:= h9_64\n\th9_54\t:= !bone_2, h9_70\n\th9_55\t:= h9_66\n\th9_55\t:= !bone_2, h9_71\n\th9_56\t:= h9_66\n\th9_56\t:= !bone_2\n\th9_57\t:= h9_70\n\th9_57\t:= !bone_2\n\th9_58\t:= h9_71\n\th9_58\t:= !bone_2\n\th9_61\t:= !liver_2, h9_74\n\th9_62\t:= !liver_2, h9_75\n\th9_63\t:= !liver_2, h9_76\n\th9_64\t:= !liver_2, h9_77\n\th9_65\t:= h9_74\n\th9_65\t:= !liver_2, h9_77\n\th9_66\t:= h9_74\n\th9_66\t:= !liver_2, h9_78\n\th9_67\t:= h9_75\n\th9_67\t:= !liver_2, h9_78\n\th9_68\t:= h9_76\n\th9_68\t:= !liver_2, h9_78\n\th9_69\t:= h9_76\n\th9_69\t:= !liver_2\n\th9_70\t:= h9_77\n\th9_70\t:= !liver_2\n\th9_71\t:= h9_78\n\th9_71\t:= !liver_2\n\th9_74\t:= histologic-type_1.0, h9_81\n\th9_75\t:= histologic-type_1.0, !bone-marryow_2\n\th9_76\t:= histologic-type_1.0, h9_83\n\th9_77\t:= h9_81\n\th9_77\t:= histologic-type_1.0\n\th9_78\t:= h9_83\n\th9_78\t:= histologic-type_1.0\n\th9_81\t:= !bone-marryow_2, !age_1\n\th9_83\t:= !age_1\n\th9_83\t:= !bone-marryow_2\n]\n\tRuleSet h7 [\n\th7\t:= h7_1\n\th7\t:= !mediastinum_2, h7_2\n\th7_1\t:= h7_3\n\th7_1\t:= histologic-type_3.0, h7_4\n\th7_2\t:= h7_5\n\th7_2\t:= histologic-type_3.0, h7_6\n\th7_3\t:= h7_7\n\th7_3\t:= !histologic-type_2.0, h7_8\n\th7_4\t:= h7_9\n\th7_4\t:= !histologic-type_2.0, h7_11\n\th7_5\t:= h7_10\n\th7_5\t:= !histologic-type_2.0, h7_12\n\th7_6\t:= h7_13\n\th7_6\t:= !histologic-type_2.0\n\th7_7\t:= h7_15\n\th7_7\t:= abdominal_2, h7_16\n\th7_8\t:= h7_17\n\th7_8\t:= abdominal_2, h7_20\n\th7_9\t:= h7_18\n\th7_9\t:= abdominal_2, h7_21\n\th7_10\t:= h7_19\n\th7_10\t:= abdominal_2, h7_21\n\th7_11\t:= h7_22\n\th7_11\t:= abdominal_2, h7_25\n\th7_12\t:= h7_23\n\th7_12\t:= abdominal_2, h7_25\n\th7_13\t:= h7_24\n\th7_13\t:= abdominal_2, h7_26\n\th7_15\t:= degree-of-diffe_3.0, h7_28\n\th7_16\t:= h7_29\n\th7_16\t:= degree-of-diffe_3.0, h7_33\n\th7_17\t:= h7_30\n\th7_17\t:= degree-of-diffe_3.0, h7_34\n\th7_18\t:= h7_31\n\th7_18\t:= degree-of-diffe_3.0, h7_36\n\th7_19\t:= h7_32\n\th7_19\t:= degree-of-diffe_3.0, h7_37\n\th7_20\t:= h7_35\n\th7_20\t:= degree-of-diffe_3.0, h7_42\n\th7_21\t:= h7_38\n\th7_21\t:= degree-of-diffe_3.0, h7_43\n\th7_22\t:= h7_39\n\th7_22\t:= degree-of-diffe_3.0, h7_44\n\th7_23\t:= h7_40\n\th7_23\t:= degree-of-diffe_3.0, h7_44\n\th7_24\t:= h7_41\n\th7_24\t:= degree-of-diffe_3.0, h7_45\n\th7_25\t:= h7_44\n\th7_25\t:= degree-of-diffe_3.0\n\th7_26\t:= h7_45\n\th7_26\t:= degree-of-diffe_3.0\n\th7_28\t:= h7_47\n\th7_28\t:= neck_2, h7_52\n\th7_29\t:= h7_48\n\th7_29\t:= neck_2, h7_53\n\th7_30\t:= h7_49\n\th7_30\t:= neck_2, h7_54\n\th7_31\t:= h7_50\n\th7_31\t:= neck_2, h7_55\n\th7_32\t:= h7_51\n\th7_32\t:= neck_2, h7_55\n\th7_33\t:= h7_56\n\th7_33\t:= neck_2, h7_64\n\th7_34\t:= h7_57\n\th7_34\t:= neck_2, h7_65\n\th7_35\t:= h7_58\n\th7_35\t:= neck_2, h7_66\n\th7_36\t:= h7_59\n\th7_36\t:= neck_2, h7_67\n\th7_37\t:= h7_59\n\th7_37\t:= neck_2, h7_68\n\th7_38\t:= h7_60\n\th7_38\t:= neck_2, h7_69\n\th7_39\t:= h7_61\n\th7_39\t:= neck_2, h7_70\n\th7_40\t:= h7_62\n\th7_40\t:= neck_2, h7_70\n\th7_41\t:= h7_63\n\th7_41\t:= neck_2, h7_71\n\th7_42\t:= h7_71\n\th7_42\t:= neck_2\n\th7_43\t:= h7_72\n\th7_43\t:= neck_2\n\th7_44\t:= h7_73\n\th7_44\t:= neck_2\n\th7_45\t:= h7_74\n\th7_45\t:= neck_2\n\th7_47\t:= !supraclavicular_2, h7_78\n\th7_48\t:= !supraclavicular_2, h7_79\n\th7_49\t:= !supraclavicular_2, h7_81\n\th7_50\t:= h7_77\n\th7_50\t:= !supraclavicular_2, h7_83\n\th7_51\t:= h7_77\n\th7_51\t:= !supraclavicular_2, h7_84\n\th7_52\t:= h7_79\n\th7_52\t:= !supraclavicular_2, h7_87\n\th7_53\t:= h7_80\n\th7_53\t:= !supraclavicular_2, h7_89\n\th7_54\t:= h7_82\n\th7_54\t:= !supraclavicular_2, h7_93\n\th7_55\t:= h7_85\n\th7_55\t:= !supraclavicular_2, h7_94\n\th7_56\t:= h7_86\n\th7_56\t:= !supraclavicular_2, h7_96\n\th7_57\t:= h7_88\n\th7_57\t:= !supraclavicular_2, h7_98\n\th7_58\t:= h7_90\n\th7_58\t:= !supraclavicular_2, h7_99\n\th7_59\t:= h7_91\n\th7_59\t:= !supraclavicular_2, h7_101\n\th7_60\t:= h7_92\n\th7_60\t:= !supraclavicular_2, h7_102\n\th7_61\t:= h7_94\n\th7_61\t:= !supraclavicular_2, h7_104\n\th7_62\t:= h7_95\n\th7_62\t:= !supraclavicular_2, h7_104\n\th7_63\t:= h7_96\n\th7_63\t:= !supraclavicular_2, h7_106\n\th7_64\t:= h7_97\n\th7_64\t:= !supraclavicular_2, h7_106\n\th7_65\t:= h7_99\n\th7_65\t:= !supraclavicular_2, h7_109\n\th7_66\t:= h7_100\n\th7_66\t:= !supraclavicular_2, h7_110\n\th7_67\t:= h7_102\n\th7_67\t:= !supraclavicular_2, h7_111\n\th7_68\t:= h7_102\n\th7_68\t:= !supraclavicular_2, h7_112\n\th7_69\t:= h7_103\n\th7_69\t:= !supraclavicular_2, h7_113\n\th7_70\t:= h7_105\n\th7_70\t:= !supraclavicular_2\n\th7_71\t:= h7_107\n\th7_71\t:= !supraclavicular_2\n\th7_72\t:= h7_108\n\th7_72\t:= !supraclavicular_2\n\th7_73\t:= h7_113\n\th7_73\t:= !supraclavicular_2\n\th7_74\t:= h7_114\n\th7_74\t:= !supraclavicular_2\n\th7_77\t:= peritoneum_2, h7_118\n\th7_78\t:= peritoneum_2, h7_120\n\th7_79\t:= peritoneum_2, h7_121\n\th7_80\t:= peritoneum_2, h7_123\n\th7_81\t:= 