{
    "acc": [
        0.7941176470588235,
        0.7058823529411765,
        0.8529411764705882,
        0.7058823529411765,
        0.8235294117647058,
        0.7647058823529411,
        0.9117647058823529,
        0.7058823529411765,
        0.9117647058823529,
        0.8181818181818182
    ],
    "complexity": [
        14,
        15,
        13,
        15,
        7,
        16,
        10,
        16,
        18,
        13
    ],
    "score": [
        0.006178942165101333,
        -1.0,
        0.009582113388341761,
        -1.0,
        0.014953040039545227,
        0.0043793252595155695,
        0.016955017301038062,
        -1.0,
        0.009419454056132256,
        0.007787666878575973
    ],
    "best_model_acc": 0.9117647058823529,
    "best_model_compl": 10,
    "best_model": "[[mediastinum_2=True^histologic-type_2.0=True^peritoneum_2=False] V [mediastinum_2=True^histologic-type_2.0=True] V [neck_2=False^age_2=False] V [neck_2=False] V [abdominal_2=False^lung_2=False]]"
}