{
    "acc": [
        1.0,
        1.0,
        1.0,
        1.0,
        1.0,
        1.0,
        1.0,
        1.0,
        1.0,
        1.0
    ],
    "complexity": [
        54,
        69,
        62,
        71,
        54,
        62,
        66,
        54,
        56,
        67
    ],
    "score": [
        0.004629629629629629,
        0.0036231884057971015,
        0.004032258064516129,
        0.0035211267605633804,
        0.004629629629629629,
        0.004032258064516129,
        0.003787878787878788,
        0.004629629629629629,
        0.004464285714285714,
        0.0037313432835820895
    ],
    "best_model_acc": 1.0,
    "best_model_compl": 54,
    "best_model": "Graph[\n\tRuleSet h7 [\n\th7\t:= h7_1\n\th7\t:= !a2_1, h7_2\n\th7_1\t:= h7_3\n\th7_1\t:= a3_2, h7_4\n\th7_2\t:= h7_4\n\th7_2\t:= a3_2, h7_5\n\th7_3\t:= !a4_1, h7_7\n\th7_4\t:= h7_7\n\th7_4\t:= !a4_1, h7_8\n\th7_5\t:= h7_8\n\th7_5\t:= !a4_1, h7_9\n\th7_7\t:= !a1_1, h7_11\n\th7_8\t:= h7_11\n\th7_8\t:= !a1_1, h7_12\n\th7_9\t:= h7_12\n\th7_9\t:= !a1_1\n\th7_11\t:= !a5_1, !a6_1\n\th7_12\t:= !a6_1\n\th7_12\t:= !a5_1\n]\n\tRuleSet h1 [\n\th1\t:= h1_1\n\th1\t:= a4_1, h1_2\n\th1_1\t:= h1_3\n\th1_1\t:= !a3_2, h1_4\n\th1_2\t:= h1_4\n\th1_2\t:= !a3_2\n\th1_3\t:= h1_6\n\th1_3\t:= a2_1, h1_7\n\th1_4\t:= h1_7\n\th1_4\t:= a2_1\n\th1_6\t:= h1_9\n\th1_6\t:= a1_1, h1_10\n\th1_7\t:= h1_10\n\th1_7\t:= a1_1\n\th1_9\t:= a5_1, a6_1\n\th1_10\t:= a6_1\n\th1_10\t:= a5_1\n]\n\tRuleSet h10 [\n\th10\t:= !h1\n\th10\t:= !h7\n]\n\tRuleSet target [\n\ttarget\t:= !h10\n]\n]"
}