{
    "acc": [
        0.6875,
        0.6736111111111112,
        0.7013888888888888
    ],
    "complexity": [
        6,
        10,
        6
    ],
    "score": [
        -1.0,
        -1.0,
        0.006759580761316869
    ],
    "best_model_acc": 0.7013888888888888,
    "best_model_compl": 6,
    "best_model": "[[a6_1=False^a2_3=False^a5_1=True^a1_1=False^a4_1=False^a2_1=True]]"
}