{
    "acc": [
        0.991389913899139,
        0.990159901599016,
        0.991389913899139,
        0.990159901599016,
        0.9963054187192119,
        0.9852216748768473,
        0.9950738916256158,
        0.9975369458128078,
        0.9963054187192119,
        0.9938423645320197
    ],
    "complexity": [
        23,
        34,
        25,
        28,
        30,
        29,
        34,
        46,
        42,
        50
    ],
    "score": [
        0.010498436847034923,
        0.0070663743863399135,
        0.009658561899272129,
        0.008580597469127038,
        0.008210635621668407,
        0.008118623233458376,
        0.007208769357921528,
        0.005381369835842106,
        0.005864739729763148,
        0.004877605620131524
    ],
    "best_model_acc": 0.991389913899139,
    "best_model_compl": 23,
    "best_model": "Graph[\n\tRuleSet h3 [\n\th3\t:= h3_1\n\th3\t:= !spore-print-color_r, h3_2\n\th3_1\t:= h3_3\n\th3_1\t:= odor_a, h3_4\n\th3_2\t:= h3_4\n\th3_2\t:= odor_a, h3_5\n\th3_3\t:= odor_l, h3_7\n\th3_4\t:= h3_7\n\th3_4\t:= odor_l, h3_8\n\th3_5\t:= h3_8\n\th3_5\t:= odor_l\n\th3_7\t:= odor_n, !odor_f\n\th3_8\t:= !odor_f\n\th3_8\t:= odor_n\n]\n\tRuleSet h16 [\n\th16\t:= h3\n]\n\tRuleSet target [\n\ttarget\t:= !h16\n]\n]"
}