{
    "acc": [
        0.9545454545454546,
        0.9318181818181818,
        0.9545454545454546,
        0.9090909090909091,
        0.9318181818181818,
        0.9302325581395349,
        0.9069767441860465,
        0.8837209302325582,
        0.9767441860465116,
        0.8372093023255814
    ],
    "complexity": [
        450,
        502,
        712,
        291,
        2945,
        1443,
        258,
        561,
        1107,
        848
    ],
    "score": [
        0.00045913682277318646,
        0.00037144809192980136,
        0.0002901847896740645,
        0.000575104370793218,
        6.331644894694746e-05,
        0.0001282744657541845,
        0.0006419770166987391,
        0.00026246301657493717,
        0.00020531618692786887,
        0.00013409211506474692
    ],
    "best_model_acc": 0.9069767441860465,
    "best_model_compl": 258,
    "best_model": "Graph[\n\tRuleSet h8 [\n\th8\t:= h8_1\n\th8\t:= superfund-right-to-sue_y, h8_2\n\th8_1\t:= h8_3\n\th8_1\t:= !adoption-of-the-budget-resolution_n, h8_4\n\th8_2\t:= h8_5\n\th8_2\t:= !adoption-of-the-budget-resolution_n, h8_6\n\th8_3\t:= h8_7\n\th8_3\t:= !physician-fee-freeze_y, h8_8\n\th8_4\t:= h8_8\n\th8_4\t:= !physician-fee-freeze_y, h8_10\n\th8_5\t:= h8_9\n\th8_5\t:= !physician-fee-freeze_y, h8_11\n\th8_6\t:= h8_11\n\th8_6\t:= !physician-fee-freeze_y\n\th8_7\t:= mx-missile_y, h8_14\n\th8_8\t:= h8_15\n\th8_8\t:= mx-missile_y, h8_17\n\th8_9\t:= h8_16\n\th8_9\t:= mx-missile_y, h8_18\n\th8_10\t:= h8_19\n\th8_10\t:= mx-missile_y, h8_21\n\th8_11\t:= h8_20\n\th8_11\t:= mx-missile_y\n\th8_14\t:= physician-fee-freeze_n, h8_25\n\th8_15\t:= physician-fee-freeze_n, h8_26\n\th8_16\t:= h8_24\n\th8_16\t:= physician-fee-freeze_n, h8_27\n\th8_17\t:= h8_27\n\th8_17\t:= physician-fee-freeze_n, h8_30\n\th8_18\t:= h8_28\n\th8_18\t:= physician-fee-freeze_n, h8_31\n\th8_19\t:= h8_28\n\th8_19\t:= physician-fee-freeze_n, h8_32\n\th8_20\t:= h8_29\n\th8_20\t:= physician-fee-freeze_n, h8_32\n\th8_21\t:= h8_32\n\th8_21\t:= physician-fee-freeze_n\n\th8_24\t:= adoption-of-the-budget-resolution_y, h8_35\n\th8_25\t:= adoption-of-the-budget-resolution_y, h8_37\n\th8_26\t:= h8_35\n\th8_26\t:= adoption-of-the-budget-resolution_y, h8_39\n\th8_27\t:= h8_36\n\th8_27\t:= adoption-of-the-budget-resolution_y, h8_40\n\th8_28\t:= h8_37\n\th8_28\t:= adoption-of-the-budget-resolution_y, h8_41\n\th8_29\t:= h8_38\n\th8_29\t:= adoption-of-the-budget-resolution_y, h8_42\n\th8_30\t:= h8_41\n\th8_30\t:= adoption-of-the-budget-resolution_y\n\th8_31\t:= h8_42\n\th8_31\t:= adoption-of-the-budget-resolution_y\n\th8_32\t:= h8_43\n\th8_32\t:= adoption-of-the-budget-resolution_y\n\th8_35\t:= !crime_y, h8_46\n\th8_36\t:= !crime_y, h8_47\n\th8_37\t:= !crime_y, h8_48\n\th8_38\t:= h8_46\n\th8_38\t:= !crime_y, h8_49\n\th8_39\t:= h8_46\n\th8_39\t:= !crime_y, h8_50\n\th8_40\t:= h8_47\n\th8_40\t:= !crime_y, h8_50\n\th8_41\t:= h8_48\n\th8_41\t:= !crime_y\n\th8_42\t:= h8_49\n\th8_42\t:= !crime_y\n\th8_43\t:= h8_50\n\th8_43\t:= !crime_y\n\th8_46\t:= education-spending_y, h8_53\n\th8_47\t:= education-spending_y, religious-groups-in-schools_y\n\th8_48\t:= h8_53\n\th8_48\t:= education-spending_y, h8_55\n\th8_49\t:= religious-groups-in-schools_y\n\th8_49\t:= education-spending_y\n\th8_50\t:= h8_55\n\th8_50\t:= education-spending_y\n\th8_53\t:= religious-groups-in-schools_y, !religious-groups-in-schools_n\n\th8_55\t:= !religious-groups-in-schools_n\n\th8_55\t:= religious-groups-in-schools_y\n]\n\tRuleSet h2 [\n\th2\t:= h2_1\n\th2\t:= !physician-fee-freeze_n, h2_2\n\th2_1\t:= h2_3\n\th2_1\t:= !education-spending_n, h2_4\n\th2_2\t:= h2_5\n\th2_2\t:= !education-spending_n, h2_6\n\th2_3\t:= immigration_y, h2_8\n\th2_4\t:= h2_9\n\th2_4\t:= immigration_y, h2_10\n\th2_5\t:= h2_9\n\th2_5\t:= immigration_y, h2_11\n\th2_6\t:= h2_12\n\th2_6\t:= immigration_y, h2_13\n\th2_8\t:= superfund-right-to-sue_y, h2_15\n\th2_9\t:= superfund-right-to-sue_y, h2_16\n\th2_10\t:= h2_16\n\th2_10\t:= superfund-right-to-sue_y, h2_18\n\th2_11\t:= h2_16\n\th2_11\t:= superfund-right-to-sue_y, h2_19\n\th2_12\t:= h2_17\n\th2_12\t:= superfund-right-to-sue_y, h2_20\n\th2_13\t:= h2_20\n\th2_13\t:= superfund-right-to-sue_y\n\th2_15\t:= !water-project-cost-sharing_n, h2_23\n\th2_16\t:= !water-project-cost-sharing_n, h2_25\n\th2_17\t:= h2_24\n\th2_17\t:= !water-project-cost-sharing_n, h2_27\n\th2_18\t:= h2_26\n\th2_18\t:= !water-project-cost-sharing_n, h2_29\n\th2_19\t:= h2_26\n\th2_19\t:= !water-project-cost-sharing_n, h2_30\n\th2_20\t:= h2_28\n\th2_20\t:= !water-project-cost-sharing_n, h2_31\n\th2_23\t:= export-administration-act-south-africa_y, h2_33\n\th2_24\t:= export-administration-act-south-africa_y, h2_34\n\th2_25\t:= export-administration-act-south-africa_y, h2_35\n\th2_26\t:= h2_33\n\th2_26\t:= export-administration-act-south-africa_y, h2_36\n\th2_27\t:= h2_34\n\th2_27\t:= export-administration-act-south-africa_y, h2_38\n\th2_28\t:= h2_35\n\th2_28\t:= export-administration-act-south-africa_y, h2_39\n\th2_29\t:= h2_36\n\th2_29\t:= export-administration-act-south-africa_y\n\th2_30\t:= h2_37\n\th2_30\t:= export-administration-act-south-africa_y\n\th2_31\t:= h2_39\n\th2_31\t:= export-administration-act-south-africa_y\n\th2_33\t:= physician-fee-freeze_y, h2_42\n\th2_34\t:= physician-fee-freeze_y, !handicapped-infants_n\n\th2_35\t:= physician-fee-freeze_y, h2_44\n\th2_36\t:= h2_42\n\th2_36\t:= physician-fee-freeze_y, h2_44\n\th2_37\t:= h2_42\n\th2_37\t:= physician-fee-freeze_y\n\th2_38\t:= !handicapped-infants_n\n\th2_38\t:= physician-fee-freeze_y\n\th2_39\t:= h2_44\n\th2_39\t:= physician-fee-freeze_y\n\th2_42\t:= !handicapped-infants_n, synfuels-corporation-cutback_n\n\th2_44\t:= synfuels-corporation-cutback_n\n\th2_44\t:= !handicapped-infants_n\n]\n\tRuleSet h1 [\n\th1\t:= !synfuels-corporation-cutback_y, h1_2\n\th1_2\t:= h1_3\n\th1_2\t:= !water-project-cost-sharing_y, h1_4\n\th1_3\t:= !duty-free-exports_y, h1_6\n\th1_4\t:= h1_7\n\th1_4\t:= !duty-free-exports_y\n\th1_6\t:= export-administration-act-south-africa_y, h1_10\n\th1_7\t:= h1_11\n\th1_7\t:= export-administration-act-south-africa_y\n\th1_10\t:= !anti-satellite-test-ban_n, !education-spending_n\n\th1_11\t:= !education-spending_n\n\th1_11\t:= !anti-satellite-test-ban_n\n]\n\tRuleSet h17 [\n\th17\t:= h17_1\n\th17\t:= h2, h17_2\n\th17_1\t:= !h8, h1\n\th17_2\t:= h1\n\th17_2\t:= !h8\n]\n\tRuleSet h15 [\n\th15\t:= h15_1\n\th15\t:= !h2, h15_2\n\th15_1\t:= h8, !h1\n\th15_2\t:= !h1\n\th15_2\t:= h8\n]\n\tRuleSet h13 [\n\th13\t:= h13_1\n\th13\t:= !h2, h13_2\n\th13_1\t:= h8, !h1\n\th13_2\t:= !h1\n\th13_2\t:= h8\n]\n\tRuleSet h12 [\n\th12\t:= h12_1\n\th12\t:= !h2, h12_2\n\th12_1\t:= h8, !h1\n\th12_2\t:= !h1\n\th12_2\t:= h8\n]\n\tRuleSet target [\n\ttarget\t:= target_1\n\ttarget\t:= h17, target_2\n\ttarget_1\t:= !h13, target_4\n\ttarget_2\t:= !h12\n\ttarget_2\t:= !h13\n\ttarget_4\t:= !h12, !h15\n]\n]"
}