{
    "acc": [
        0.9310344827586207,
        0.9517241379310345,
        0.9172413793103448
    ],
    "complexity": [
        7,
        5,
        10
    ],
    "score": [
        0.026541532189570234,
        0.04081093935790726,
        0.0174090368608799
    ],
    "best_model_acc": 0.9517241379310345,
    "best_model_compl": 5,
    "best_model": "[[physician-fee-freeze_y=True^synfuels-corporation-cutback_y=False] V [physician-fee-freeze_n=False^adoption-of-the-budget-resolution_n=True^export-administration-act-south-africa_y=True]]"
}