{
    "acc": [
        0.9805825242718447,
        0.8543689320388349,
        0.6601941747572816,
        0.9902912621359223,
        0.9411764705882353,
        0.8823529411764706,
        0.7450980392156863,
        1.0,
        0.9411764705882353,
        0.9901960784313726
    ],
    "complexity": [
        717,
        595,
        547,
        549,
        608,
        310,
        611,
        613,
        605,
        638
    ],
    "score": [
        0.0003221193342196627,
        0.00021105435293167126,
        -1.0,
        0.00043786069531299765,
        0.00032012611546166454,
        0.0004715928116977341,
        9.831922885003944e-05,
        0.0004078303425774878,
        0.00032171351768709426,
        0.0003766335349678627
    ],
    "best_model_acc": 0.8823529411764706,
    "best_model_compl": 310,
    "best_model": "Graph[\n\tRuleSet h7 [\n\th7\t:= h7_1\n\th7\t:= !x5_1, h7_2\n\th7_1\t:= h7_3\n\th7_1\t:= !x4_1, h7_4\n\th7_2\t:= h7_4\n\th7_2\t:= !x4_1, h7_5\n\th7_3\t:= h7_6\n\th7_3\t:= x9_1, h7_7\n\th7_4\t:= h7_7\n\th7_4\t:= x9_1, h7_8\n\th7_5\t:= h7_8\n\th7_5\t:= x9_1, h7_9\n\th7_6\t:= h7_10\n\th7_6\t:= x2_1, h7_11\n\th7_7\t:= h7_11\n\th7_7\t:= x2_1, h7_12\n\th7_8\t:= h7_12\n\th7_8\t:= x2_1, h7_13\n\th7_9\t:= h7_13\n\th7_9\t:= x2_1, h7_14\n\th7_10\t:= !x7_1, h7_16\n\th7_11\t:= h7_16\n\th7_11\t:= !x7_1, h7_17\n\th7_12\t:= h7_17\n\th7_12\t:= !x7_1, h7_18\n\th7_13\t:= h7_18\n\th7_13\t:= !x7_1, h7_19\n\th7_14\t:= h7_19\n\th7_14\t:= !x7_1, h7_20\n\th7_16\t:= x6_1, h7_22\n\th7_17\t:= h7_22\n\th7_17\t:= x6_1, h7_23\n\th7_18\t:= h7_23\n\th7_18\t:= x6_1, h7_24\n\th7_19\t:= h7_24\n\th7_19\t:= x6_1, h7_25\n\th7_20\t:= h7_25\n\th7_20\t:= x6_1\n\th7_22\t:= x8_1, h7_28\n\th7_23\t:= h7_28\n\th7_23\t:= x8_1, h7_29\n\th7_24\t:= h7_29\n\th7_24\t:= x8_1, h7_30\n\th7_25\t:= h7_30\n\th7_25\t:= x8_1\n\th7_28\t:= x1_1, h7_33\n\th7_29\t:= h7_33\n\th7_29\t:= x1_1, h7_34\n\th7_30\t:= h7_34\n\th7_30\t:= x1_1\n\th7_33\t:= !x10_1, x3_1\n\th7_34\t:= x3_1\n\th7_34\t:= !x10_1\n]\n\tRuleSet h6 [\n\th6\t:= h6_1\n\th6\t:= !x6_1, h6_2\n\th6_1\t:= h6_3\n\th6_1\t:= !x9_1, h6_4\n\th6_2\t:= h6_4\n\th6_2\t:= !x9_1, h6_5\n\th6_3\t:= h6_6\n\th6_3\t:= x5_1, h6_7\n\th6_4\t:= h6_7\n\th6_4\t:= x5_1, h6_8\n\th6_5\t:= h6_8\n\th6_5\t:= x5_1, h6_9\n\th6_6\t:= h6_10\n\th6_6\t:= x10_1, h6_11\n\th6_7\t:= h6_11\n\th6_7\t:= x10_1, h6_12\n\th6_8\t:= h6_12\n\th6_8\t:= x10_1, h6_13\n\th6_9\t:= h6_13\n\th6_9\t:= x10_1\n\th6_10\t:= h6_15\n\th6_10\t:= !x2_1, h6_16\n\th6_11\t:= h6_16\n\th6_11\t:= !x2_1, h6_17\n\th6_12\t:= h6_17\n\th6_12\t:= !x2_1, h6_18\n\th6_13\t:= h6_18\n\th6_13\t:= !x2_1\n\th6_15\t:= h6_20\n\th6_15\t:= x4_1, h6_21\n\th6_16\t:= h6_21\n\th6_16\t:= x4_1, h6_22\n\th6_17\t:= h6_22\n\th6_17\t:= x4_1, h6_23\n\th6_18\t:= h6_23\n\th6_18\t:= x4_1\n\th6_20\t:= !x1_1, h6_26\n\th6_21\t:= h6_26\n\th6_21\t:= !x1_1, h6_27\n\th6_22\t:= h6_27\n\th6_22\t:= !x1_1, h6_28\n\th6_23\t:= h6_28\n\th6_23\t:= !x1_1\n\th6_26\t:= !x8_1, h6_31\n\th6_27\t:= h6_31\n\th6_27\t:= !x8_1, h6_32\n\th6_28\t:= h6_32\n\th6_28\t:= !x8_1\n\th6_31\t:= !x3_1, x7_1\n\th6_32\t:= x7_1\n\th6_32\t:= !x3_1\n]\n\tRuleSet h5 [\n\th5\t:= h5_1\n\th5\t:= !x1_1, h5_2\n\th5_1\t:= h5_3\n\th5_1\t:= x5_1, h5_4\n\th5_2\t:= h5_4\n\th5_2\t:= x5_1, h5_5\n\th5_3\t:= h5_6\n\th5_3\t:= x10_1, h5_7\n\th5_4\t:= h5_7\n\th5_4\t:= x10_1, h5_8\n\th5_5\t:= h5_8\n\th5_5\t:= x10_1, h5_9\n\th5_6\t:= !x6_1, h5_11\n\th5_7\t:= h5_11\n\th5_7\t:= !x6_1, h5_12\n\th5_8\t:= h5_12\n\th5_8\t:= !x6_1, h5_13\n\th5_9\t:= h5_13\n\th5_9\t:= !x6_1, h5_14\n\th5_11\t:= x7_1, h5_16\n\th5_12\t:= h5_16\n\th5_12\t:= x7_1, h5_17\n\th5_13\t:= h5_17\n\th5_13\t:= x7_1, h5_18\n\th5_14\t:= h5_18\n\th5_14\t:= x7_1, h5_19\n\th5_16\t:= !x8_1, h5_21\n\th5_17\t:= h5_21\n\th5_17\t:= !x8_1, h5_22\n\th5_18\t:= h5_22\n\th5_18\t:= !x8_1, h5_23\n\th5_19\t:= h5_23\n\th5_19\t:= !x8_1, h5_24\n\th5_21\t:= !x9_1, h5_26\n\th5_22\t:= h5_26\n\th5_22\t:= !x9_1, h5_27\n\th5_23\t:= h5_27\n\th5_23\t:= !x9_1, h5_28\n\th5_24\t:= h5_28\n\th5_24\t:= !x9_1\n\th5_26\t:= x4_1, h5_31\n\th5_27\t:= h5_31\n\th5_27\t:= x4_1, h5_32\n\th5_28\t:= h5_32\n\th5_28\t:= x4_1\n\th5_31\t:= !x2_1, !x3_1\n\th5_32\t:= !x3_1\n\th5_32\t:= !x2_1\n]\n\tRuleSet h1 [\n\th1\t:= h1_1\n\th1\t:= x10_1, h1_2\n\th1_1\t:= h1_3\n\th1_1\t:= !x8_1, h1_4\n\th1_2\t:= h1_4\n\th1_2\t:= !x8_1, h1_5\n\th1_3\t:= h1_6\n\th1_3\t:= x4_1, h1_7\n\th1_4\t:= h1_7\n\th1_4\t:= x4_1, h1_8\n\th1_5\t:= h1_8\n\th1_5\t:= x4_1, h1_9\n\th1_6\t:= h1_10\n\th1_6\t:= x7_1, h1_11\n\th1_7\t:= h1_11\n\th1_7\t:= x7_1, h1_12\n\th1_8\t:= h1_12\n\th1_8\t:= x7_1, h1_13\n\th1_9\t:= h1_13\n\th1_9\t:= x7_1, h1_14\n\th1_10\t:= !x9_1, h1_16\n\th1_11\t:= h1_16\n\th1_11\t:= !x9_1, h1_17\n\th1_12\t:= h1_17\n\th1_12\t:= !x9_1, h1_18\n\th1_13\t:= h1_18\n\th1_13\t:= !x9_1, h1_19\n\th1_14\t:= h1_19\n\th1_14\t:= !x9_1, h1_20\n\th1_16\t:= !x6_1, h1_22\n\th1_17\t:= h1_22\n\th1_17\t:= !x6_1, h1_23\n\th1_18\t:= h1_23\n\th1_18\t:= !x6_1, h1_24\n\th1_19\t:= h1_24\n\th1_19\t:= !x6_1, h1_25\n\th1_20\t:= h1_25\n\th1_20\t:= !x6_1\n\th1_22\t:= x5_1, h1_28\n\th1_23\t:= h1_28\n\th1_23\t:= x5_1, h1_29\n\th1_24\t:= h1_29\n\th1_24\t:= x5_1, h1_30\n\th1_25\t:= h1_30\n\th1_25\t:= x5_1\n\th1_28\t:= !x2_1, h1_33\n\th1_29\t:= h1_33\n\th1_29\t:= !x2_1, h1_34\n\th1_30\t:= h1_34\n\th1_30\t:= !x2_1\n\th1_33\t:= !x1_1, !x3_1\n\th1_34\t:= !x3_1\n\th1_34\t:= !x1_1\n]\n\tRuleSet target [\n\ttarget\t:= target_1\n\ttarget\t:= !h7, target_2\n\ttarget_1\t:= !h1, target_4\n\ttarget_2\t:= target_4\n\ttarget_2\t:= !h1\n\ttarget_4\t:= !h6\n\ttarget_4\t:= h5\n]\n]"
}