{
    "acc": [
        0.4502923976608187,
        0.5425219941348973,
        0.49560117302052786
    ],
    "complexity": [
        5,
        5,
        9
    ],
    "score": [
        -1.0,
        -1.0,
        -1.0
    ],
    "best_model_acc": 0.4502923976608187,
    "best_model_compl": 5,
    "best_model": "[[x1_1=False^x3_1=False^x2_1=False^x8_1=True^x6_1=True]]"
}