{
    "acc": [
        0.8561151079136691,
        0.8561151079136691,
        0.8705035971223022,
        0.7913669064748201,
        0.8920863309352518,
        0.8129496402877698,
        0.8345323741007195,
        0.7913669064748201,
        0.841726618705036,
        0.8840579710144928
    ],
    "complexity": [
        1,
        1,
        1,
        1,
        1,
        1,
        1,
        1,
        1,
        1
    ],
    "score": [
        0.12681797008436416,
        0.12681797008436416,
        0.13727291548056522,
        0.08489467418870657,
        0.1537316909062678,
        0.09793747735624453,
        0.1119119093214637,
        0.08489467418870657,
        0.11677708193157703,
        0.147500525099769
    ],
    "best_model_acc": 0.8920863309352518,
    "best_model_compl": 1,
    "best_model": "Graph[\n\tRuleSet target [\n\t\n]\n]"
}