{
    "acc": [
        0.8561151079136691,
        0.8561151079136691,
        0.8705035971223022,
        0.7985611510791367,
        0.8705035971223022,
        0.8273381294964028,
        0.8273381294964028,
        0.7769784172661871,
        0.841726618705036,
        0.8695652173913043
    ],
    "complexity": [
        12,
        11,
        4,
        15,
        20,
        8,
        3,
        14,
        3,
        10
    ],
    "score": [
        0.010568164173697013,
        0.011528906371305832,
        0.034318228870141305,
        0.005942584062246607,
        0.0068636457740282614,
        0.013393781377775475,
        0.0357167503407346,
        0.005479788830805861,
        0.038925693977192345,
        0.013657844990548201
    ],
    "best_model_acc": 0.841726618705036,
    "best_model_compl": 3,
    "best_model": "[[activity_2=True^area_2=True^previous24hourflareactivity_1=True]]"
}