{
    "acc": [
        0.6388888888888888,
        0.6666666666666666,
        0.7083333333333334
    ],
    "complexity": [
        4578,
        1,
        4232
    ],
    "best_model_acc": 0.6666666666666666,
    "best_model_compl": 1,
    "best_model": "Graph[\n\tRuleSet target [\n\t\n]\n]"
}