{
    "acc": [
        0.6666666666666666,
        0.5632183908045977,
        0.627906976744186,
        0.7209302325581395,
        0.7209302325581395
    ],
    "complexity": [
        5,
        13,
        34,
        22,
        5
    ],
    "best_model_acc": 0.7209302325581395,
    "best_model_compl": 5,
    "best_model": "[[a1_1=False^a2_2=True^a6_1=True^a4_1=False^a3_1=True]]"
}