{
    "acc": [
        0.96875,
        0.96875,
        0.9375,
        0.9895833333333334,
        0.96875,
        0.9895833333333334,
        0.9583333333333334,
        0.9895833333333334,
        0.9789473684210527,
        1.0
    ],
    "complexity": [
        1482,
        1889,
        677,
        1680,
        1728,
        1129,
        653,
        1040,
        1239,
        672
    ],
    "score": [
        0.0001482635374493927,
        0.0001163189849126522,
        0.0002827271048744461,
        0.00014267371445105822,
        0.00012715657552083334,
        0.00021230455294754457,
        0.0003216989960864387,
        0.00023047292334401714,
        0.00018514171244346376,
        0.0003720238095238095
    ],
    "best_model_acc": 1.0,
    "best_model_compl": 672,
    "best_model": "Graph[\n\tRuleSet h1 [\n\th1\t:= h1_1\n\th1\t:= !bottom-left-square_o, h1_2\n\th1_1\t:= h1_3\n\th1_1\t:= !top-left-square_o, h1_4\n\th1_2\t:= h1_5\n\th1_2\t:= !top-left-square_o, h1_6\n\th1_3\t:= h1_7\n\th1_3\t:= !middle-middle-square_o, h1_8\n\th1_4\t:= h1_9\n\th1_4\t:= !middle-middle-square_o, h1_11\n\th1_5\t:= h1_10\n\th1_5\t:= !middle-middle-square_o, h1_11\n\th1_6\t:= h1_12\n\th1_6\t:= !middle-middle-square_o, h1_13\n\th1_7\t:= h1_14\n\th1_7\t:= !middle-right-square_o, h1_15\n\th1_8\t:= h1_16\n\th1_8\t:= !middle-right-square_o, h1_19\n\th1_9\t:= h1_17\n\th1_9\t:= !middle-right-square_o, h1_20\n\th1_10\t:= h1_18\n\th1_10\t:= !middle-right-square_o, h1_20\n\th1_11\t:= h1_20\n\th1_11\t:= !middle-right-square_o, h1_21\n\th1_12\t:= h1_20\n\th1_12\t:= !middle-right-square_o, h1_22\n\th1_13\t:= h1_23\n\th1_13\t:= !middle-right-square_o, h1_24\n\th1_14\t:= h1_25\n\th1_14\t:= top-left-square_x, h1_26\n\th1_15\t:= h1_27\n\th1_15\t:= top-left-square_x, h1_31\n\th1_16\t:= h1_28\n\th1_16\t:= top-left-square_x, h1_32\n\th1_17\t:= h1_29\n\th1_17\t:= top-left-square_x, h1_33\n\th1_18\t:= h1_30\n\th1_18\t:= top-left-square_x, h1_33\n\th1_19\t:= h1_33\n\th1_19\t:= top-left-square_x, h1_35\n\th1_20\t:= h1_34\n\th1_20\t:= top-left-square_x, h1_35\n\th1_21\t:= h1_35\n\th1_21\t:= top-left-square_x, h1_36\n\th1_22\t:= h1_35\n\th1_22\t:= top-left-square_x, h1_37\n\th1_23\t:= h1_35\n\th1_23\t:= top-left-square_x, h1_38\n\th1_24\t:= h1_39\n\th1_24\t:= top-left-square_x, h1_40\n\th1_25\t:= h1_41\n\th1_25\t:= !bottom-middle-square_o, h1_42\n\th1_26\t:= h1_43\n\th1_26\t:= !bottom-middle-square_o, h1_48\n\th1_27\t:= h1_44\n\th1_27\t:= !bottom-middle-square_o, h1_49\n\th1_28\t:= h1_45\n\th1_28\t:= !bottom-middle-square_o, h1_51\n\th1_29\t:= h1_46\n\th1_29\t:= !bottom-middle-square_o, h1_52\n\th1_30\t:= h1_47\n\th1_30\t:= !bottom-middle-square_o, h1_52\n\th1_31\t:= h1_50\n\th1_31\t:= !bottom-middle-square_o, h1_54\n\th1_32\t:= h1_51\n\th1_32\t:= !bottom-middle-square_o, h1_54\n\th1_33\t:= h1_52\n\th1_33\t:= !bottom-middle-square_o, h1_54\n\th1_34\t:= h1_53\n\th1_34\t:= !bottom-middle-square_o, h1_54\n\th1_35\t:= h1_54\n\th1_35\t:= !bottom-middle-square_o, h1_55\n\th1_36\t:= h1_55\n\th1_36\t:= !bottom-middle-square_o, h1_56\n\th1_37\t:= h1_55\n\th1_37\t:= !bottom-middle-square_o, h1_57\n\th1_38\t:= h1_55\n\th1_38\t:= !bottom-middle-square_o, h1_58\n\th1_39\t:= h1_55\n\th1_39\t:= !bottom-middle-square_o, h1_59\n\th1_40\t:= h1_60\n\th1_40\t:= !bottom-middle-square_o, h1_61\n\th1_41\t:= h1_62\n\th1_41\t:= !top-middle-square_o, h1_63\n\th1_42\t:= h1_64\n\th1_42\t:= !top-middle-square_o, h1_68\n\th1_43\t:= h1_64\n\th1_43\t:= !top-middle-square_o, h1_69\n\th1_44\t:= h1_65\n\th1_44\t:= !top-middle-square_o, h1_71\n\th1_45\t:= h1_66\n\th1_45\t:= !top-middle-square_o, h1_72\n\th1_46\t:= h1_67\n\th1_46\t:= !top-middle-square_o, h1_75\n\th1_47\t:= h1_67\n\th1_47\t:= !top-middle-square_o, h1_76\n\th1_48\t:= h1_70\n\th1_48\t:= !top-middle-square_o, h1_79\n\th1_49\t:= h1_73\n\th1_49\t:= !top-middle-square_o, h1_80\n\th1_50\t:= h1_74\n\th1_50\t:= !top-middle-square_o, h1_80\n\th1_51\t:= h1_75\n\th1_51\t:= !top-middle-square_o, h1_80\n\th1_52\t:= h1_77\n\th1_52\t:= !top-middle-square_o, h1_80\n\th1_53\t:= h1_78\n\th1_53\t:= !top-middle-square_o, h1_80\n\th1_54\t:= h1_80\n\th1_54\t:= !top-middle-square_o, h1_81\n\th1_55\t:= h1_81\n\th1_55\t:= !top-middle-square_o, h1_82\n\th1_56\t:= h1_82\n\th1_56\t:= !top-middle-square_o, h1_84\n\th1_57\t:= h1_82\n\th1_57\t:= !top-middle-square_o, h1_85\n\th1_58\t:= h1_82\n\th1_58\t:= !top-middle-square_o, h1_86\n\th1_59\t:= h1_83\n\th1_59\t:= !top-middle-square_o, h1_87\n\th1_60\t:= h1_83\n\th1_60\t:= !top-middle-square_o, h1_88\n\th1_61\t:= h1_89\n\th1_61\t:= !top-middle-square_o, h1_90\n\th1_62\t:= !top-right-square_o, h1_92\n\th1_63\t:= h1_92\n\th1_63\t:= !top-right-square_o, h1_96\n\th1_64\t:= h1_93\n\th1_64\t:= !top-right-square_o, h1_97\n\th1_65\t:= h1_94\n\th1_65\t:= !top-right-square_o, h1_100\n\th1_66\t:= h1_94\n\th1_66\t:= !top-right-square_o, h1_101\n\th1_67\t:= h1_95\n\th1_67\t:= !top-right-square_o, h1_103\n\th1_68\t:= h1_98\n\th1_68\t:= !top-right-square_o, h1_108\n\th1_69\t:= h1_99\n\th1_69\t:= !top-right-square_o, h1_108\n\th1_70\t:= h1_100\n\th1_70\t:= !top-right-square_o, h1_109\n\th1_71\t:= h1_102\n\th1_71\t:= !top-right-square_o, h1_110\n\th1_72\t:= h1_102\n\th1_72\t:= !top-right-square_o, h1_111\n\th1_73\t:= h1_103\n\th1_73\t:= !top-right-square_o, h1_111\n\th1_74\t:= h1_103\n\th1_74\t:= !top-right-square_o, h1_112\n\th1_75\t:= h1_104\n\th1_75\t:= !top-right-square_o, h1_112\n\th1_76\t:= h1_105\n\th1_76\t:= !top-right-square_o, h1_112\n\th1_77\t:= h1_106\n\th1_77\t:= !top-right-square_o, h1_112\n\th1_78\t:= h1_107\n\th1_78\t:= !top-right-square_o, h1_112\n\th1_79\t:= h1_110\n\th1_79\t:= !top-right-square_o, h1_113\n\th1_80\t:= h1_112\n\th1_80\t:= !top-right-square_o, h1_113\n\th1_81\t:= h1_113\n\th1_81\t:= !top-right-square_o, h1_114\n\th1_82\t:= h1_114\n\th1_82\t:= !top-right-square_o, h1_115\n\th1_83\t:= h1_114\n\th1_83\t:= !top-right-square_o, h1_116\n\th1_84\t:= h1_115\n\th1_84\t:= !top-right-square_o, h1_120\n\th1_85\t:= h1_115\n\th1_85\t:= !top-right-square_o, h1_121\n\th1_86\t:= h1_115\n\th1_86\t:= !top-right-square_o, h1_122\n\th1_87\t:= h1_117\n\th1_87\t:= !top-right-square_o, h1_123\n\th1_88\t:= h1_118\n\th1_88\t:= !top-right-square_o, h1_124\n\th1_89\t:= h1_119\n\th1_89\t:= !top-right-square_o, h1_125\n\th1_90\t:= h1_126\n\th1_90\t:= !top-right-square_o, h1_127\n\th1_92\t:= middle-right-square_x, h1_129\n\th1_93\t:= middle-right-square_x, h1_130\n\th1_94\t:= middle-right-square_x, h1_131\n\th1_95\t:= middle-right-square_x, h1_134\n\th1_96\t:= h1_130\n\th1_96\t:= middle-right-square_x, h1_138\n\th1_97\t:= h1_131\n\th1_97\t:= middle-right-square_x, h1_139\n\th1_98\t:= h1_131\n\th1_98\t:= middle-right-square_x, h1_140\n\th1_99\t:= h1_131\n\th1_99\t:= middle-right-square_x, h1_141\n\th1_100\t:= h1_132\n\th1_100\t:= middle-right-square_x, h1_142\n\th1_101\t:= h1_133\n\th1_101\t:= middle-right-square_x, h1_143\n\th1_102\t:= h1_134\n\th1_102\t:= middle-right-square_x, h1_143\n\th1_103\t:= h1_134\n\th1_103\t:= middle-right-square_x, h1_145\n\th1_104\t:= h1_135\n\th1_104\t:= middle-right-square_x, h1_145\n\th1_105\t:= h1_135\n\th1_105\t:= middle-right-square_x, h1_146\n\th1_106\t:= h1_136\n\th1_106\t:= middle-right-square_x, h1_146\n\th1_107\t:= h1_137\n\th1_107\t:= middle-right-square_x, h1_146\n\th1_108\t:= h1_142\n\th1_108\t:= middle-right-square_x, h1_147\n\th1_109\t:= h1_143\n\th1_109\t:= middle-right-square_x, h1_147\n\th1_110\t:= h1_144\n\th1_110\t:= middle-right-square_x, h1_147\n\th1_111\t:= h1_145\n\th1_111\t:= middle-right-square_x, h1_147\n\th1_112\t:= h1_146\n\th1_112\t:= middle-right-square_x, h1_147\n\th1_113\t:= h1_147\n\th1_113\t:= middle-right-square_x, h1_148\n\th1_114\t:= h1_148\n\th1_114\t:= middle-right-square_x, h1_149\n\th1_115\t:= h1_149\n\th1_115\t:= middle-right-square_x, h1_150\n\th1_116\t:= h1_149\n\th1_116\t:= middle-right-square_x, h1_151\n\th1_117\t:= h1_149\n\th1_117\t:= middle-right-square_x, h1_152\n\th1_118\t:= h1_149\n\th1_118\t:= middle-right-square_x, h1_153\n\th1_119\t:= h1_149\n\th1_119\t:= 