{
    "acc": [
        0.5,
        0.5,
        0.4722222222222222,
        0.4861111111111111,
        0.4788732394366197,
        0.6619718309859155,
        0.5211267605633803,
        0.5774647887323944,
        0.5211267605633803,
        0.49295774647887325
    ],
    "complexity": [
        1,
        1,
        1,
        1,
        1,
        1,
        1,
        1,
        1,
        1
    ],
    "score": [
        -1.0,
        -1.0,
        -1.0,
        -1.0,
        -1.0,
        0.026234874032929976,
        -1.0,
        -1.0,
        -1.0,
        -1.0
    ],
    "best_model_acc": 0.6619718309859155,
    "best_model_compl": 1,
    "best_model": "Graph[\n\tRuleSet target [\n\t\n]\n]"
}