{
    "acc": [
        0.5138888888888888,
        0.4861111111111111,
        0.4861111111111111,
        0.4583333333333333,
        0.4647887323943662,
        0.647887323943662,
        0.5352112676056338,
        0.5915492957746479,
        0.4647887323943662,
        0.49295774647887325
    ],
    "complexity": [
        7,
        5,
        2,
        1,
        3,
        4,
        1,
        3,
        2,
        5
    ],
    "score": [
        -1.0,
        -1.0,
        -1.0,
        -1.0,
        -1.0,
        0.005467665145804406,
        -1.0,
        -1.0,
        -1.0,
        -1.0
    ],
    "best_model_acc": 0.647887323943662,
    "best_model_compl": 4,
    "best_model": "[[Physical_Health_2=False^Physical_Health_3=False^Dental_Health_6=False^Medication_Keeps_Patient_from_Sleeping_1=True]]"
}