{
    "acc": [
        0.3883495145631068,
        0.4077669902912621,
        0.4854368932038835,
        0.47572815533980584,
        0.6078431372549019,
        0.5392156862745098,
        0.46078431372549017,
        0.5490196078431373,
        0.5196078431372549,
        0.46078431372549017
    ],
    "complexity": [
        2,
        4,
        3,
        2,
        6,
        7,
        6,
        4,
        5,
        7
    ],
    "best_model_acc": 0.3883495145631068,
    "best_model_compl": 2,
    "best_model": "[[x8_0=True^x5_0=False]]"
}