{
    "acc": [
        0.8901734104046243,
        0.9421965317919075,
        0.930635838150289,
        0.9595375722543352,
        0.9653179190751445,
        0.9653179190751445,
        0.9364161849710982,
        0.9595375722543352,
        0.9825581395348837,
        0.936046511627907
    ],
    "complexity": [
        21,
        58,
        186,
        55,
        85,
        73,
        66,
        61,
        77,
        56
    ],
    "score": [
        0.0072492995327035886,
        0.003371340909117095,
        0.0009970280919322685,
        0.0038395414602437885,
        0.0025473031272049734,
        0.0029660378878414075,
        0.0028857437349201188,
        0.0034618816444821044,
        0.0030241864679398478,
        0.003395295719694043
    ],
    "best_model_acc": 0.8901734104046243,
    "best_model_compl": 21,
    "best_model": "Graph[\n\tRuleSet h4 [\n\th4\t:= h4_1\n\th4\t:= persons_2\n\th4_1\t:= h4_3\n\th4_1\t:= safety_low\n\th4_3\t:= h4_5\n\th4_3\t:= buying_vhigh, h4_6\n\th4_5\t:= maint_vhigh, h4_8\n\th4_6\t:= h4_8\n\th4_6\t:= maint_vhigh\n\th4_8\t:= h4_10\n\th4_8\t:= !buying_low, h4_11\n\th4_10\t:= !safety_high, lug_boot_small\n\th4_11\t:= lug_boot_small\n\th4_11\t:= !safety_high\n]\n\tRuleSet h7 [\n\th7\t:= !h4\n]\n\tRuleSet target [\n\ttarget\t:= !h7\n]\n]"
}